Name,City,Country,URL
Kaladi Brothers Coffee,Anchorage,United States,http://www.kaladi.com
Steamdot Coffee,Anchorage,United States,http://www.steamdot.com
Cafe Cortez Coffee Company,Tempe,United States,http://www.cafecortez.com
Cartel Coffee Lab,Tempe,United States,http://www.cartelcoffeelab.com
Lost Dutchman Coffee Roasters,Tempe,United States,http://www.lostdutchmanroasters.com
Artis Coffee,Berkeley,United States,http://www.artiscoffee.com
Black Sheep Coffee Roasters,Bishop,United States,http://www.blacksheepcoffeeroasters.com
Portola Coffee,Costa Mesa,United States,http://www.portolacoffeelab.com
Flying Goat Coffee,Healdsburg,United States,http://www.flyinggoatcoffee.com
Groundwork Coffee,Hollywood,United States,http://www.groundworkcoffee.com
Bird Rock Coffee Roasters,La Jolla,United States,http://www.birdrockcoffee.com
Rose Park Roasters,Long Beach,United States,http://www.roseparkroasters.com
True Beans Coffee Roasters,Long Beach,United States,http://www.truebeans.com
Alana's Coffee Roasters,Los Angeles,United States,http://www.alanascoffeeroasters.com
City Bean Coffee,Los Angeles,United States,http://www.citybean.com
Forge Artisan Coffee Roasters,Los Angeles,United States,http://www.forgecoffee.com
Handsome Coffee,Los Angeles,United States,http://www.handsomecoffee.com
Intelligentsia,Los Angeles,United States,http://www.intelligentsiacoffee.com
Lamill Coffee,Los Angeles,United States,http://www.lamillcoffee.com
Lord Windsor Roasters,Los Angeles,United States,http://www.lordwindsor.com
Open Roast,Los Angeles,United States,http://www.openroast.com
Trystero Coffee,Los Angeles,United States,http://www.trysterocoffee.com
Cafecito Organico,Malibu,United States,http://www.cafecitoorganico.com
Blue Bottle Coffee,Oakland,United States,http://www.bluebottlecoffee.com
Highwire Coffee,Oakland,United States,http://www.highwirecoffee.com
Jameson Brown Coffee Roasters,Pasadena,United States,http://www.jamesonbrown.com
Jones Coffee Roasters,Pasadena,United States,http://www.thebestcoffee.com
Zona Rosa Coffee,Pasadena,United States,http://www.zonarosacoffee.com
Augie's Coffee House,Redlands,United States,http://www.augiescoffeehouse.com
Lift Coffee Roasters,Riverside,United States,http://www.liftcoffeeroasters.com
Chocolate Fish Coffee Roasters,Sacramento,United States,http://www.chocolatefishcoffee.com
Insight Coffee,Sacramento,United States,http://www.insightcoffee.com
Temple Coffee,Sacramento,United States,http://www.templecoffee.com
Coffee and Tea Collective,San Diego,United States,http://www.coffeeandteacollective.com
Dark Horse Roasting,San Diego,United States,http://www.darkhorseroasting.com
De La Paz Coffee,San Francisco,United States,http://www.delapazcoffee.com
Four Barrel Coffee,San Francisco,United States,http://www.fourbarrelcoffee.com
Intelligentsia,San Francisco,United States,http://www.intelligentsiacoffee.com
Ritual Coffee,San Francisco,United States,http://www.ritualroasters.com
Sightglass Coffee,San Francisco,United States,http://www.sightglasscoffee.com
Wrecking Ball Coffee,San Francisco,United States,http://www.wreckingballcoffee.com
Chromatic Coffee Co.,San Jose,United States,http://www.chromaticcoffee.com
Equator Coffees,San Rafael,United States,http://www.equatorcoffees.com
Barefoot Coffee Roasters,Santa Clara,United States,http://www.barefootcoffee.com
Verve Coffee,Santa Cruz,United States,http://www.vervecoffeeroasters.com
Klatch Coffee,Upland,United States,http://www.klatchroasting.com
West Coast Roasting Company,Venice,United States,http://www.westcoastroasting.com
Boxcar Coffee,Boulder,United States,http://www.boxcarcoffee.com
Corvus Coffee,Denver,United States,http://www.corvuscoffee.com
Huckleberry Roasters,Denver,United States,http://www.huckleberryroasters.com
Method Roasters,Denver,United States,http://www.methodroasters.com
Novo Coffee,Denver,United States,http://www.novocoffee.com
Sweet Bloom Coffee Roasters,Lakewood,United States,http://www.sweetbloomcoffee.com
Willoughby's Coffee,Branford,United States,http://www.willoughbyscoffee.com
J. Rene Coffee Roasters,West Hartford,United States,http://www.jrenecoffee.com
Compass Coffee,Washington,United States,http://www.compasscoffee.com
M.E. Swing's Coffee,Washington,United States,http://www.swingscoffee.com
Qualia Coffee,Washington,United States,http://www.qualiacoffee.com
Vigilante Coffee,Washington,United States,http://www.vigilantecoffee.com
Bold Bean Coffee,Jacksonville,United States,http://www.boldbeancoffee.com
Panther Coffee,Miami,United States,http://www.panthercoffee.com
Lineage Roasting,Orlando,United States,http://www.lineageroasting.com
Buddy Brew Coffee,Tampa,United States,http://www.buddybrewcoffee.com
Batdorf & Bronson Coffee,Atlanta,United States,http://www.batdorfcoffee.com
Doma Coffee,Post Falls,United States,http://www.domacoffee.com
Asado Coffee,Chicago,United States,http://www.asadocoffee.com
Big Shoulders Coffee,Chicago,United States,http://www.bigshoulderscoffee.com
Bow Truss,Chicago,United States,http://www.bowtruss.com
Bridgeport Coffee Company,Chicago,United States,http://www.bridgeportcoffeecompany.com
Coffee Ambassadors,Chicago,United States,http://www.coffeeambassadors.com
Dark Matter Coffee,Chicago,United States,http://www.darkmattercoffee.com
Gaslight Coffee Roasters,Chicago,United States,http://www.gaslightcoffeeroasters.com
Halfwit Coffee Roasters,Chicago,United States,http://www.halfwitcoffee.com
Intelligentsia,Chicago,United States,http://www.intelligentsiacoffee.com
Ipsento Coffee Roasters,Chicago,United States,http://www.ipsento.com
Metropolis Coffee,Chicago,United States,http://www.metropoliscoffee.com
Passion House Coffee,Chicago,United States,http://www.passionhousecoffee.com
Cafe La Fortuna,Hinsdalle,United States,http://www.cafelafortuna.com
Tinker Coffee,Indianapolis,United States,http://www.tinkercoffee.com
Revocup,Overland Park,United States,http://www.revocup.com
E.F. Hobbs,Shawnee,United States,http://www.efhobbs.com
PT's Coffee Roasting,Topeka,United States,http://www.ptscoffee.com
Sunergos Coffee,Louisville,United States,http://www.sunergoscoffee.com
Barismo Roasting + Sourcing,Arlington,United States,http://www.barismo.com
George Howell Coffee,Boston,United States,http://www.georgehowellcoffee.com
Barrington Coffee,Lee,United States,http://www.barringtoncoffee.com
Ceremony Coffee,Annapolis,United States,http://www.ceremonycoffee.com
Nagadi Coffee,Silver Spring,United States,http://www.nagadicoffee.com
Crooked Porch Coffee,Bar Harbor,United States,http://www.crookedporch.com
Wicked Joe,Brunswick,United States,http://www.wickedjoe.com
44 North,Deer Isle,United States,http://www.44northcoffee.com
Green Tree,Lincolnville,United States,http://www.greentreecoffee.com
Tandem Coffee,Portland,United States,http://www.tandemcoffee.com
Matt's Wood Roasted Organic Coffee,Pownal,United States,http://www.mattscoffee.com
Swift River Coffee Roasters,Raymond,United States,http://www.swiftrivercoffee.com
Mighty Good Coffee,Ann Arbor,United States,http://www.mightygoodcoffee.com
Roos Roast,Ann Arbor,United States,http://www.roosroast.com
Germack Coffee Roasting,Detroit,United States,http://www.germack.com
Great Lakes Coffee,Detroit,United States,http://www.greatlakescoffee.com
Chazzano Coffee,Ferndale,United States,http://www.chazzanocoffee.com
Leelanau Coffee Roasting,Glen Arbor,United States,http://www.coffeeguys.com
Grand Rapids Coffee,Grand Rapids,United States,http://www.grandrapidscoffee.com
Madcap Coffee,Grand Rapids,United States,http://www.madcapcoffee.com
Rowster Coffee,Grand Rapids,United States,http://www.rowstercoffee.com
Water Street Coffee,Kalamazoo,United States,http://www.waterstreetcoffeejoint.com
Craft & Mason Coffee,Lansing,United States,http://www.craftandmason.com
Magnum Coffee,Nunica,United States,http://www.magnumcoffee.com
Uncommon Coffee Roasters,Saugatuck,United States,http://www.uncommongroundscafe.com
Great Northern Roasting Company,Traverse City,United States,http://www.greatnoroco.com
Higher Grounds Trading Company,Traverse City,United States,http://www.highergroundstrading.com
Dogwood Coffee,Minneapolis,United States,http://www.dogwoodcoffee.com
Driven Coffee,Minneapolis,United States,http://www.drivencoffee.com
Benetti's Coffee,Kansas City,United States,http://www.benettiscoffee.com
Broadway Roasting Company,Kansas City,United States,http://www.broadwayroasting.com
Oddly Correct,Kansas City,United States,http://www.oddlycorrect.com
Parisi Coffee,Kansas City,United States,http://www.parisicoffee.com
Red-Headed Philosopher Coffee,Kansas City,United States,http://www.redheadedphilosopher.com
The Roasterie,Prairie Village,United States,http://www.theroasterie.com
Blueprint Coffee,St. Louis,United States,http://www.blueprintcoffee.com
Chauvin Coffee,St. Louis,United States,http://www.chauvincoffee.com
Kaldi's Coffee,St. Louis,United States,http://www.kaldiscoffee.com
Sump Coffee,St. Louis,United States,http://www.sumpcoffee.com
Bean Werks Coffee & Tea,Asheville,United States,http://www.beanwerkscoffeecompany.com
Mountain Air Roasting,Asheville,United States,http://www.mtnairroasting.com
Counter Culture Coffee,Durham,United States,http://www.counterculturecoffee.com
Beansmith Coffee,Omaha,United States,http://www.beansmith.com
Red Rover Coffee,New Market,United States,http://www.redrovercoffee.com
Rockn' Joes,Cranford,United States,http://www.rocknjoe.net
OQ Coffee,Highland Park,United States,http://www.oqcoffee.com
Red House Roasters,Union City,United States,http://www.rhrcoffee.com
Mothership Roastworks,Las Vegas,United States,http://www.mothershipcoffee.com
Brooklyn Roasting Company,Brooklyn,United States,http://www.brooklynroasting.com
Oslo Coffee Roasters,Brooklyn,United States,http://www.oslocoffee.com
Parlor Coffee,Brooklyn,United States,http://www.parlorcoffee.com
Toby's Estate,Brooklyn,United States,http://www.tobysestate.com
Forty Weight Coffee,Fingerlakes,United States,http://www.fortyweightcoffee.com
Cafe Integral,New York,United States,http://www.cafeintegral.com
Gimme! Coffee,New York,United States,http://www.gimmecoffee.com
Irving Farm Coffee,New York,United States,http://www.irvingfarm.com
Ninth Street Espresso,New York,United States,http://www.ninthstreetespresso.com
Oren's Daily Roast,New York,United States,http://www.orensdailyroast.com
Dallis Bros. Coffee,Queens,United States,http://www.dallisbroscoffee.com
Joe Bean Roasters,Rochester,United States,http://www.joebeanroasters.com
Recess Coffee,Syracuse,United States,http://www.recesscoffee.com
Coffe Labs Roasters,Tarrytown,United States,http://www.coffeelabs.com
Grafton Hills Coffee Roasters,Troy,United States,http://www.graftonhillscoffeeroasters.com
Deeper Roots Coffee,Cincinnati,United States,http://www.deeperrootscoffee.com
Erie Island Coffee Company,Cleveland,United States,http://www.erieislandcoffee.com
Phoenix Coffee,Cleveland,United States,http://www.phoenixcoffee.com
Rising Star Coffee Roasters,Cleveland,United States,http://www.risingstarcoffee.com
One Line Coffee,Heath,United States,http://www.onelinecoffee.com
Slingers Roasters,Oklahoma City,United States,http://www.coffeeslingers.com
Double Shot,Tulsa,United States,http://www.doubleshotcoffee.com
Nordaggios,Tulsa,United States,http://www.ordaggios.com
Robin's Roast,Tulsa,United States,http://www.robinsroast.com
Topeca Coffee,Tulsa,United States,http://www.topecacoffee.com
Noble Coffee,Ashland,United States,http://www.noblecoffeeroasting.com
Lone Pine Coffee,Bend,United States,http://www.lonepinecoffeeroasters.com
Clive Coffee,Portland,United States,http://www.clivecoffee.com
Coava Coffee,Portland,United States,http://www.coavacoffee.com
Extracto Coffee Roasters,Portland,United States,http://www.extractocoffee.com
Heart Coffee Roasters,Portland,United States,http://www.heartroasters.com
Ristretto Roasters,Portland,United States,http://www.ristrettoroasters.com
Sterling Coffee Roasters,Portland,United States,http://www.sterlingcoffeeroasters.com
Stumptown Coffee,Portland,United States,http://www.stumptowncoffee.com
Water Avenue Coffee,Portland,United States,http://www.wateravenuecoffee.com
Little Amps Coffee Roasters,Harrisburg,United States,http://www.littleampscoffee.com
Commonplace Coffee,Indiana,United States,http://www.ipacoffee.com
Good Java Company,Lancaster,United States,http://www.thegoodjava.com
Lancaster County Coffee Roasters,Lancaster,United States,http://www.lancastercountycoffee.com
Prince Street Cafe,Lancaster,United States,http://www.princestreetcafe.com
Square One Coffee,Lancaster,United States,http://www.squareonecoffee.com
The Good Java,Lancaster,United States,http://www.thegoodjava.com
Green Street,Philadelphia,United States,http://www.greenstreetcoffee.com
La Colombe Coffee,Philadelphia,United States,http://www.lacolombe.com
One Village Coffee,Philadelphia,United States,http://www.onevillagecoffee.com
ReAnimator Coffee,Philadelphia,United States,http://www.reanimatorcoffee.com
Rival Bros Coffee,Philadelphia,United States,http://www.rivalbros.com
Allegheny Coffee,Pittsburgh,United States,http://www.alleghenycoffee.com
Prestogeorge,Pittsburgh,United States,http://www.prestogeorge.com
Homestead Coffee,Upper Black Eddy,United States,http://www.homesteadcoffee.com
Gryphon,Wayne,United States,http://www.gryphoncafe.com
New Harvest Coffee,Providence,United States,http://www.newharvestcoffee.com
Velo Coffee Roasters,Chattanooga,United States,http://www.velocoffee.com
Crema Coffee,Nashville,United States,http://www.crema-coffee.com
Evocation Coffee Roasters,Amarillo,United States,http://www.evocationcoffee.com
Cuvee Coffee,Austin,United States,http://www.cuveecoffee.com
Flat Track Coffee,Austin,United States,http://www.flattrackcoffee.com
Tweed Coffee Roasters,Austin,United States,http://www.tweedcoffee.com
Addison Coffee Roasters,Dallas,United States,http://www.addisoncoffee.com
Cultivar Coffee,Dallas,United States,http://www.cultivarcoffee.com
Drip Coffee Company,Dallas,United States,http://www.dripcoffeeco.com
Noble Coyote Coffee,Dallas,United States,http://www.noblecoyotecoffee.com
Oak Cliff Coffee,Dallas,United States,http://www.oakcliffcoffee.com
Amaya Roasting Company,Houston,United States,http://www.amayaroasting.com
Boomtown Coffee,Houston,United States,http://www.boomtowncoffee.com
Catalina Coffee,Houston,United States,http://www.catalinacoffeeshop.com
Fusion Beans,Houston,United States,http://www.fusionbeans.com
Greenway Coffee Company,Houston,United States,http://www.greenwaycoffee.com
Katz Coffee,Houston,United States,http://www.katzcoffee.com
Day Break Coffee Roasters,Lubbock,United States,http://www.dbcr.com
Eiland Coffee Roasters,Richardson,United States,http://www.eilandcoffee.com
Mudhouse Coffee Roasters,Charlottesville,United States,http://www.mudhouse.com
Blanchard's Coffee Co.,Richmond,United States,http://www.blanchardscoffee.com
Lamplighter Coffee Roasters,Richmond,United States,http://www.lamplightercoffee.com
Tony's Coffee,Bellingham,United States,http://www.tonyscoffee.com
Caffe Rococo,Kirkland,United States,http://www.rocococoffee.com
Olympia Coffee,Olympia,United States,http://www.olympiacoffeeroasting.com
Dillanos Coffee Roasters,Seattle,United States,http://www.dillanos.com
Fonte Coffee Roaster,Seattle,United States,http://www.fontecoffee.com
Fremont Coffee Company,Seattle,United States,http://www.fremontcoffee.net
Herkimer Coffee,Seattle,United States,http://www.herkimercoffee.com
Kuma Coffee,Seattle,United States,http://www.kumacoffee.com
Lighthouse Roasters,Seattle,United States,http://www.lighthouseroasters.com
Victrola Coffee,Seattle,United States,http://www.victrolacoffee.com
Zoka Coffee,Seattle,United States,http://www.zokacoffee.com
Indaba Coffee,Spokane,United States,http://www.indabacoffee.com
Ancora Coffee,Madison,United States,http://www.ancoracoffee.com
Johnson Brothers,Madison,United States,http://www.johnsonbrotherscoffee.com
Just Coffee,Madison,United States,http://www.justcoffee.coop
True Coffee Roasters,Madison,United States,http://www.truecoffeeroasters.com
Anodyne Coffee,Milwaukee,United States,http://www.anodynecoffee.com
Colectivo Coffee,Milwaukee,United States,http://www.colectivocoffee.com
Kickapoo Coffee,Viroqua,United States,http://www.kickapoocoffee.com
Detour Coffee,Dundas,Canada,http://www.detourcoffee.com
Bows & Arrows Coffee,Victoria,Canada,http://www.bowsandarrowscoffee.com
Paradise Coffee Co.,Vancouver,Canada,http://www.paradisecoffeevancouver.com
Fratello Analog Coffee,Calgary,Canada,http://www.fratellocoffee.com
Social Coffee & Tea Company,Richmond Hill,Canada,http://www.socialcoffee.com
JJ Bean Coffee,Vancouver,Canada,http://www.jjbeancoffee.com
Drumroaster Coffee,Cobble Hill,Canada,http://www.drumroaster.com
Villacorta Coffee,Paris,Canada,http://www.villacortacoffee.com
Speakeasy Coffee,Hamilton,Canada,http://www.speakeasycoffee.ca
Elysian,Vancouver,Canada,http://www.elysiancoffee.com
Matchstick,Vancouver,Canada,http://www.matchstickcoffee.com
Caffe Artigiano,Vancouver,Canada,http://www.caffeartigiano.com
49th Parallel,Burnaby,Canada,http://www.49thparallelroasters.com
Timbertrain,Vancouver,Canada,http://www.timbertraincoffeeroasters.com
Rosso Coffee Roasters,Calgary,Canada,http://www.rossocoffeeroasters.com
Phil & Sebastian Roasters,Calgary,Canada,http://www.philsebastian.com
Bridgehead Coffee,Ottawa,Canada,http://www.bridgehead.ca
Francesco's Coffee,Ottawa,Canada,http://www.francescoscoffee.com
Square Mile Coffee,London,United Kingdom,
Workshop Coffee,London,United Kingdom,
Notes Coffee,London,United Kingdom,
Taylor St Baristas,London,United Kingdom,
Nude Espresso,London,United Kingdom,
Dukes Coffee Roasters,Melbourne,Australia,
Seven Seeds,Melbourne,Australia,